id,first_name,last_name,email,gender,Ip
1,Sid,Gamlin,rgamlin0@berkeley.edu,Male,sdsdsd
2,Karol,Solland,ksolland1@ameblo.jp,Female,sdsdsd
3,Nisha,Mathissen,cmathissen2@state.tx.us,Female,sdsdsd
4,Igor,Mundie,imundie3@deviantart.com,Male,sdsdsd
5,Igor,Barnsdale,mbarnsdale4@bizjournals.com,Female,sdsdsd
6,Neel,Garnham,ngarnham5@purevolume.com,Male,sdsdsd
7,Darnell,Gibbard,dgibbard6@pen.io,Male,sdsdsd
8,Chere,Gobel,cgobel7@nyu.edu,Female,sdsdsd
9,Bibi,Dorbon,bdorbon8@xinhuanet.com,Female,sdsdsd
10,Salem,Kayzer,skayzer9@ovh.net,Male,sdsdsd
11,Frasco,Oxtiby,foxtibya@about.com,Male,sdsdsd
12,Harold,Grimsey,hgrimseyb@cpanel.net,Male,sdsdsd
13,Flem,Toupe,ftoupec@google.co.uk,Male,sdsdsd
14,Dore,Lansly,dlanslyd@netlog.com,Male,sdsdsd
15,Koral,Canto,kcantoe@opera.com,Female,sdsdsd
16,Gweneth,Taaffe,gtaaffef@shinystat.com,Female,sdsdsd
17,Sileas,Courtney,scourtneyg@indiegogo.com,Female,sdsdsd
18,Antone,Hobell,ahobellh@netscape.com,Male,sdsdsd
19,Micah,Mallabon,mmallaboni@chron.com,Male,sdsdsd
20,Ethe,Threadgold,ethreadgoldj@unc.edu,Male,sdsdsd
21,Efren,Allworthy,eallworthyk@nih.gov,Male,sdsdsd
22,Stan,Glanders,sglandersl@telegraph.co.uk,Male,sdsdsd
23,Cinderella,Dubique,cdubiquem@imgur.com,Female,sdsdsd
24,Portie,Gilligan,pgilligann@linkedin.com,Male,sdsdsd
25,Harley,Skellern,hskellerno@mail.ru,Male,sdsdsd
26,Francois,Pohlak,fpohlakp@independent.co.uk,Male,sdsdsd
27,Ethyl,McCreery,emccreeryq@booking.com,Female,sdsdsd
28,Barnebas,Ormes,bormesr@shareasale.com,Male,sdsdsd
29,Rickie,Klimaszewski,rklimaszewskis@tmall.com,Male,sdsdsd
30,Madeline,Fordham,mfordhamt@springer.com,Female,sdsdsd
31,Arne,Clue,aclueu@cdbaby.com,Male,sdsdsd
32,Barn,Passey,bpasseyv@auda.org.au,Male,sdsdsd
33,Camel,Brevetor,cbrevetorw@economist.com,Female,sdsdsd
34,Carolyn,Emsley,cemsleyx@comcast.net,Female,sdsdsd
35,Lenee,Basant,lbasanty@miitbeian.gov.cn,Female,sdsdsd
36,Asa,Cockerill,acockerillz@hubpages.com,Male,sdsdsd
37,Thomasina,Bonicelli,tbonicelli10@amazon.co.uk,Female,sdsdsd
38,Ali,Jenkin,ajenkin11@salon.com,Male,sdsdsd
39,Jobi,Doberer,jdoberer12@free.fr,Female,sdsdsd
40,Janela,Enrigo,jenrigo13@tripod.com,Female,sdsdsd
41,Lorry,Tallquist,ltallquist14@ox.ac.uk,Male,sdsdsd
42,Ely,Litterick,elitterick15@ifeng.com,Male,sdsdsd
43,Ellen,Gianotti,egianotti16@examiner.com,Female,sdsdsd
44,Raeann,Kippin,rkippin17@huffingtonpost.com,Female,sdsdsd
45,Cortie,Le Teve,cleteve18@myspace.com,Male,sdsdsd
46,Pail,Demelt,pdemelt19@nih.gov,Male,sdsdsd
47,Fanny,Nealon,fnealon1a@nyu.edu,Female,sdsdsd
48,Cynthy,Dalloway,cdalloway1b@jimdo.com,Female,sdsdsd
49,Dulce,Rambaut,drambaut1c@pcworld.com,Female,sdsdsd
50,Karola,Slaymaker,kslaymaker1d@paginegialle.it,Female,sdsdsd
51,Raychel,Hyrons,rhyrons1e@apple.com,Female,sdsdsd
52,Roldan,Enright,renright1f@cmu.edu,Male,sdsdsd
53,Audrie,Kears,akears1g@answers.com,Female,sdsdsd
54,Veronika,Corns,vcorns1h@symantec.com,Female,sdsdsd
55,Johnny,Kippie,jkippie1i@hugedomains.com,Male,sdsdsd
56,Kipp,Lawerence,klawerence1j@themeforest.net,Female,sdsdsd
57,Tedman,Goldsworthy,tgoldsworthy1k@joomla.org,Male,sdsdsd
58,Ryley,Hadny,rhadny1l@admin.ch,Male,sdsdsd
59,Shina,Vassar,svassar1m@howstuffworks.com,Female,sdsdsd
60,Joanie,Hirche,jhirche1n@boston.com,Female,sdsdsd
61,Hasty,Devigne,hdevigne1o@fema.gov,Male,sdsdsd
62,Pavlov,Filippone,pfilippone1p@seesaa.net,Male,sdsdsd
63,Valle,Hance,vhance1q@telegraph.co.uk,Male,sdsdsd
64,Garrek,Wyrill,gwyrill1r@slashdot.org,Male,sdsdsd
65,Flemming,Braniff,fbraniff1s@unicef.org,Male,sdsdsd
66,Daphna,Weiner,dweiner1t@walmart.com,Female,sdsdsd
67,Skippie,Kelly,skelly1u@hp.com,Male,sdsdsd
68,Kaia,Extance,kextance1v@google.com.au,Female,sdsdsd
69,Marlo,Need,mneed1w@seattletimes.com,Female,sdsdsd
70,Ellis,Glinde,eglinde1x@wikipedia.org,Male,sdsdsd
71,Ulrike,Kenson,ukenson1y@ibm.com,Female,sdsdsd
72,Cathi,Kose,ckose1z@sina.com.cn,Female,sdsdsd
73,Lacee,Dietsche,ldietsche20@mapy.cz,Female,sdsdsd
74,Bessy,Edy,bedy21@msn.com,Female,sdsdsd
75,Olive,Micheu,omicheu22@amazonaws.com,Female,sdsdsd
76,Ashley,Gorner,agorner23@sohu.com,Male,sdsdsd
77,Dene,Rosenbusch,drosenbusch24@barnesandnoble.com,Male,sdsdsd
78,Elke,Avey,eavey25@merriam-webster.com,Female,sdsdsd
79,Jen,Jerg,jjerg26@accuweather.com,Female,sdsdsd
80,Ber,Rives,brives27@yellowbook.com,Male,sdsdsd
81,Logan,Bott,lbott28@ehow.com,Male,sdsdsd
82,Renae,Castella,rcastella29@narod.ru,Female,sdsdsd
83,Patricia,Ostick,postick2a@123-reg.co.uk,Female,sdsdsd
84,Hobard,Le Gassick,hlegassick2b@geocities.jp,Male,sdsdsd
85,Erika,Patinkin,epatinkin2c@ustream.tv,Female,sdsdsd
86,Anneliese,Cliburn,acliburn2d@elpais.com,Female,sdsdsd
87,Ginnifer,Buzek,gbuzek2e@seattletimes.com,Female,sdsdsd
88,Karmen,Juliff,kjuliff2f@stanford.edu,Female,sdsdsd
89,Angelica,Dami,adami2g@about.me,Female,sdsdsd
90,Manya,Lippiatt,mlippiatt2h@pinterest.com,Female,sdsdsd
91,Nickolas,Tunuy,ntunuy2i@sciencedaily.com,Male,sdsdsd
92,Norris,Buttel,nbuttel2j@flickr.com,Male,sdsdsd
93,Roxana,MacDavitt,rmacdavitt2k@gnu.org,Female,sdsdsd
94,Rabi,Breheny,rbreheny2l@pbs.org,Male,sdsdsd
95,Andreana,Chapelhow,achapelhow2m@engadget.com,Female,sdsdsd
96,Domingo,Robertelli,drobertelli2n@fc2.com,Male,sdsdsd
97,Bayard,McFarland,bmcfarland2o@friendfeed.com,Male,sdsdsd
98,Cherey,Lyburn,clyburn2p@sitemeter.com,Female,sdsdsd
99,Quincey,Blood,qblood2q@netlog.com,Male,sdsdsd
100,Booth,Craney,bcraney2r@ameblo.jp,Male,sdsdsd
101,Mar,Rushmer,mrushmer2s@ox.ac.uk,Male,sdsdsd
102,Brok,Allington,ballington2t@infoseek.co.jp,Male,sdsdsd
103,Perrine,Babbs,pbabbs2u@goodreads.com,Female,sdsdsd
104,Neille,Delieu,ndelieu2v@google.ca,Female,sdsdsd
105,Elizabeth,Monahan,emonahan2w@ucoz.ru,Female,sdsdsd
106,Xenos,Rapo,xrapo2x@cdbaby.com,Male,sdsdsd
107,Mose,Shoebridge,mshoebridge2y@twitter.com,Male,sdsdsd
108,Joshuah,Bispo,jbispo2z@loc.gov,Male,sdsdsd
109,Merci,Rocca,mrocca30@bizjournals.com,Female,sdsdsd
110,Irving,Kauble,ikauble31@pbs.org,Male,sdsdsd
111,Fairleigh,Gunney,fgunney32@ca.gov,Male,sdsdsd
112,Carmen,Crim,ccrim33@hao123.com,Female,sdsdsd
113,Gauthier,Fleote,gfleote34@upenn.edu,Male,sdsdsd
114,Conant,Ivasyushkin,civasyushkin35@mit.edu,Male,sdsdsd
115,Claudine,Kun,ckun36@tumblr.com,Female,sdsdsd
116,Gilli,Greenhalgh,ggreenhalgh37@hao123.com,Female,sdsdsd
117,Ailee,Ketchaside,aketchaside38@163.com,Female,sdsdsd
118,Hasty,Tomney,htomney39@linkedin.com,Male,sdsdsd
119,Pepita,Shacklady,pshacklady3a@jimdo.com,Female,sdsdsd
120,Simmonds,Hise,shise3b@ifeng.com,Male,sdsdsd
121,Marijo,MacConnell,mmacconnell3c@hostgator.com,Female,sdsdsd
122,Mario,Jeffray,mjeffray3d@chicagotribune.com,Male,sdsdsd
123,Caria,Martinez,cmartinez3e@theguardian.com,Female,sdsdsd
124,Jasper,Sterman,jsterman3f@xing.com,Male,sdsdsd
125,Elia,Dallimare,edallimare3g@ning.com,Male,sdsdsd
126,Myles,Clampe,mclampe3h@netscape.com,Male,sdsdsd
127,Corly,McGrouther,cmcgrouther3i@dot.gov,Female,sdsdsd
128,Caryl,Wykey,cwykey3j@purevolume.com,Female,sdsdsd
129,Peria,Filyaev,pfilyaev3k@spiegel.de,Female,sdsdsd
130,Umeko,Angelini,uangelini3l@cnbc.com,Female,sdsdsd
131,Yehudit,Deakins,ydeakins3m@dion.ne.jp,Male,sdsdsd
132,Claresta,Gatman,cgatman3n@webs.com,Female,sdsdsd
133,Reese,Lawly,rlawly3o@bloglines.com,Male,sdsdsd
134,Asa,Lafuente,alafuente3p@gizmodo.com,Male,sdsdsd
135,Rufus,Kettlesting,rkettlesting3q@multiply.com,Male,sdsdsd
136,Wake,Storcke,wstorcke3r@wikipedia.org,Male,sdsdsd
137,Vaughn,Drinkwater,vdrinkwater3s@lulu.com,Male,sdsdsd
138,Ashia,Gregorin,agregorin3t@squarespace.com,Female,sdsdsd
139,Lucie,Jirieck,ljirieck3u@wiley.com,Female,sdsdsd
140,Salem,Byram,sbyram3v@aol.com,Male,sdsdsd
141,Margie,Fugere,mfugere3w@livejournal.com,Female,sdsdsd
142,Elwin,Zimmermanns,ezimmermanns3x@census.gov,Male,sdsdsd
143,Bill,Moggie,bmoggie3y@prnewswire.com,Male,sdsdsd
144,Tristan,Grinnell,tgrinnell3z@xrea.com,Male,sdsdsd
145,Theressa,Michelotti,tmichelotti40@simplemachines.org,Female,sdsdsd
146,Steven,Farron,sfarron41@gnu.org,Male,sdsdsd
147,Allix,Pinchback,apinchback42@nba.com,Female,sdsdsd
148,Reynard,Trace,rtrace43@mediafire.com,Male,sdsdsd
149,Quincy,Mandell,qmandell44@aol.com,Male,sdsdsd
150,Devora,Broinlich,dbroinlich45@4shared.com,Female,sdsdsd
151,Lacey,Muscott,lmuscott46@cargocollective.com,Female,sdsdsd
152,Christel,Ebbitt,cebbitt47@lulu.com,Female,sdsdsd
153,Urban,Henke,uhenke48@google.it,Male,sdsdsd
154,Denis,Kernan,dkernan49@cnn.com,Male,sdsdsd
155,Alwin,Bengoechea,abengoechea4a@lycos.com,Male,sdsdsd
156,Marillin,Figgen,mfiggen4b@msu.edu,Female,sdsdsd
157,Justis,Setterthwait,jsetterthwait4c@trellian.com,Male,sdsdsd
158,Kaycee,Fonquernie,kfonquernie4d@webnode.com,Female,sdsdsd
159,Kirsti,Hayles,khayles4e@list-manage.com,Female,sdsdsd
160,Dominique,Genicke,dgenicke4f@yale.edu,Female,sdsdsd
161,Dena,Ruperto,druperto4g@google.com.hk,Female,sdsdsd
162,Gray,Yurkevich,gyurkevich4h@moonfruit.com,Female,sdsdsd
163,Chandler,Battle,cbattle4i@techcrunch.com,Male,sdsdsd
164,Kippie,Morriarty,kmorriarty4j@amazonaws.com,Male,sdsdsd
165,Tristam,Patillo,tpatillo4k@bigcartel.com,Male,sdsdsd
166,Ashlee,Dabney,adabney4l@craigslist.org,Female,sdsdsd
167,Latia,Manning,lmanning4m@mapy.cz,Female,sdsdsd
168,Arlee,Widdecombe,awiddecombe4n@privacy.gov.au,Female,sdsdsd
169,Midge,Gilchrest,mgilchrest4o@usa.gov,Female,sdsdsd
170,Stefano,Foxwell,sfoxwell4p@ucsd.edu,Male,sdsdsd
171,Ameline,Lipson,alipson4q@scribd.com,Female,sdsdsd
172,Haleigh,Lomis,hlomis4r@howstuffworks.com,Male,sdsdsd
173,Jens,Divers,jdivers4s@dmoz.org,Male,sdsdsd
174,Robbie,Culleton,rculleton4t@examiner.com,Female,sdsdsd
175,Tresa,Banstead,tbanstead4u@redcross.org,Female,sdsdsd
176,Cassandre,Peach,cpeach4v@si.edu,Female,sdsdsd
177,Theodora,McBeith,tmcbeith4w@blogs.com,Female,sdsdsd
178,Giffy,Carless,gcarless4x@prnewswire.com,Male,sdsdsd
179,Borg,O'Lunny,bolunny4y@wp.com,Male,sdsdsd
180,Svend,Duinbleton,sduinbleton4z@discuz.net,Male,sdsdsd
181,Vale,Lanfranchi,vlanfranchi50@php.net,Male,sdsdsd
182,Lois,Apps,lapps51@whitehouse.gov,Female,sdsdsd
183,Christabel,Winter,cwinter52@simplemachines.org,Female,sdsdsd
184,Patin,Bewshaw,pbewshaw53@yahoo.com,Male,sdsdsd
185,Ekaterina,Jeans,ejeans54@oracle.com,Female,sdsdsd
186,Miran,Pickersgill,mpickersgill55@wiley.com,Female,sdsdsd
187,Sephira,Abele,sabele56@shareasale.com,Female,sdsdsd
188,Desmond,Gulland,dgulland57@time.com,Male,sdsdsd
189,Robenia,Twatt,rtwatt58@sohu.com,Female,sdsdsd
190,Britney,Kobierski,bkobierski59@about.com,Female,sdsdsd
191,Amber,Stanett,astanett5a@microsoft.com,Female,sdsdsd
192,Mellisa,Gagan,mgagan5b@booking.com,Female,sdsdsd
193,Harry,Hannam,hhannam5c@ucoz.com,Male,sdsdsd
194,Lek,McCart,lmccart5d@skype.com,Male,sdsdsd
195,Liuka,Skull,lskull5e@buzzfeed.com,Female,sdsdsd
196,Lazarus,Billsberry,lbillsberry5f@deliciousdays.com,Male,sdsdsd
197,Mara,Ransbury,mransbury5g@cyberchimps.com,Female,sdsdsd
198,Zed,Birdwistle,zbirdwistle5h@google.de,Male,sdsdsd
199,Hetti,Riglesford,hriglesford5i@usda.gov,Female,sdsdsd
200,Wallie,Tanguy,wtanguy5j@pinterest.com,Male,sdsdsd
201,Celle,Twizell,ctwizell5k@drupal.org,Female,sdsdsd
202,Guss,Curnow,gcurnow5l@discuz.net,Male,sdsdsd
203,Kurt,Costar,kcostar5m@google.ru,Male,sdsdsd
204,Corri,Kitchenside,ckitchenside5n@chronoengine.com,Female,sdsdsd
205,Isabella,Claessens,iclaessens5o@pcworld.com,Female,sdsdsd
206,Edgar,Van den Hof,evandenhof5p@dot.gov,Male,sdsdsd
207,Daisie,Aistrop,daistrop5q@joomla.org,Female,sdsdsd
208,Dalston,Scoines,dscoines5r@chicagotribune.com,Male,sdsdsd
209,Lane,Spradbrow,lspradbrow5s@shop-pro.jp,Female,sdsdsd
210,Augusto,Catterell,acatterell5t@unblog.fr,Male,sdsdsd
211,Margarita,Wolffers,mwolffers5u@nbcnews.com,Female,sdsdsd
212,Barbie,Spring,bspring5v@skyrock.com,Female,sdsdsd
213,Zacherie,Scibsey,zscibsey5w@usda.gov,Male,sdsdsd
214,Rad,Majury,rmajury5x@wordpress.com,Male,sdsdsd
215,Normand,Jeaycock,njeaycock5y@dmoz.org,Male,sdsdsd
216,Netti,Mackin,nmackin5z@earthlink.net,Female,sdsdsd
217,Edeline,Puig,epuig60@exblog.jp,Female,sdsdsd
218,Bill,Rumens,brumens61@acquirethisname.com,Male,sdsdsd
219,Munmro,Cleobury,mcleobury62@photobucket.com,Male,sdsdsd
220,Bryn,Richardeau,brichardeau63@prnewswire.com,Female,sdsdsd
221,Dodie,Daice,ddaice64@mail.ru,Female,sdsdsd
222,Matthus,Pinnegar,mpinnegar65@china.com.cn,Male,sdsdsd
223,Chery,McAvey,cmcavey66@senate.gov,Female,sdsdsd
224,Pennie,Bayldon,pbayldon67@cisco.com,Male,sdsdsd
225,Poul,De Hoogh,pdehoogh68@google.it,Male,sdsdsd
226,Nona,Moehle,nmoehle69@lulu.com,Female,sdsdsd
227,Hadley,Astill,hastill6a@cmu.edu,Male,sdsdsd
228,Kennie,Sissot,ksissot6b@usatoday.com,Male,sdsdsd
229,Adriena,Burgane,aburgane6c@ebay.com,Female,sdsdsd
230,Tedie,Madeley,tmadeley6d@is.gd,Male,sdsdsd
231,Dorthea,Leasor,dleasor6e@latimes.com,Female,sdsdsd
232,Trevor,Goreway,tgoreway6f@myspace.com,Male,sdsdsd
233,Thomasina,Slingsby,tslingsby6g@wordpress.com,Female,sdsdsd
234,Cordy,Bartomeu,cbartomeu6h@mapquest.com,Female,sdsdsd
235,Shellie,Paterno,spaterno6i@cbsnews.com,Female,sdsdsd
236,Stacee,Burchell,sburchell6j@usnews.com,Male,sdsdsd
237,Eziechiele,Jakubowski,ejakubowski6k@biglobe.ne.jp,Male,sdsdsd
238,Vladimir,O'Callaghan,vocallaghan6l@mapquest.com,Male,sdsdsd
239,Tallou,Archley,tarchley6m@washingtonpost.com,Female,sdsdsd
240,Reinold,Lindback,rlindback6n@blogtalkradio.com,Male,sdsdsd
241,Daffie,Alkins,dalkins6o@shinystat.com,Female,sdsdsd
242,Tanya,Lamberth,tlamberth6p@webs.com,Female,sdsdsd
243,Ric,Dannatt,rdannatt6q@shop-pro.jp,Male,sdsdsd
244,Arel,Gumm,agumm6r@google.es,Male,sdsdsd
245,Monro,O'Hallagan,mohallagan6s@dropbox.com,Male,sdsdsd
246,Tabatha,Leatherbarrow,tleatherbarrow6t@etsy.com,Female,sdsdsd
247,Dav,Welds,dwelds6u@sbwire.com,Male,sdsdsd
248,Corrine,Strangward,cstrangward6v@photobucket.com,Female,sdsdsd
249,Arnold,Juniper,ajuniper6w@biblegateway.com,Male,sdsdsd
250,Nataline,Webborn,nwebborn6x@goodreads.com,Female,sdsdsd
251,Hoebart,Gallagher,hgallagher6y@java.com,Male,sdsdsd
252,Feodor,Grigoriscu,fgrigoriscu6z@typepad.com,Male,sdsdsd
253,Pauli,Armit,parmit70@google.es,Female,sdsdsd
254,Oberon,Bonanno,obonanno71@shutterfly.com,Male,sdsdsd
255,Garwood,Blackborow,gblackborow72@bravesites.com,Male,sdsdsd
256,Meade,Frays,mfrays73@zimbio.com,Female,sdsdsd
257,Hakim,Risbridge,hrisbridge74@google.com.hk,Male,sdsdsd
258,Aretha,Gibbin,agibbin75@ihg.com,Female,sdsdsd
259,Alphonse,Pack,apack76@hud.gov,Male,sdsdsd
260,Lammond,Trinbey,ltrinbey77@google.ca,Male,sdsdsd
261,Teodora,Goward,tgoward78@walmart.com,Female,sdsdsd
262,Elaine,Bovaird,ebovaird79@devhub.com,Female,sdsdsd
263,Jorgan,Iannetti,jiannetti7a@rediff.com,Male,sdsdsd
264,Bernhard,Piet,bpiet7b@so-net.ne.jp,Male,sdsdsd
265,Nate,McEvilly,nmcevilly7c@slate.com,Male,sdsdsd
266,Devinne,Tacon,dtacon7d@samsung.com,Female,sdsdsd
267,Kele,Horley,khorley7e@sbwire.com,Male,sdsdsd
268,Holt,Trippack,htrippack7f@netlog.com,Male,sdsdsd
269,Rhoda,Kareman,rkareman7g@ibm.com,Female,sdsdsd
270,Orin,Mimmack,omimmack7h@nature.com,Male,sdsdsd
271,Myra,Championnet,mchampionnet7i@edublogs.org,Female,sdsdsd
272,Reade,Caitlin,rcaitlin7j@bbc.co.uk,Male,sdsdsd
273,Jackelyn,Bydaway,jbydaway7k@pen.io,Female,sdsdsd
274,Claudine,Mackin,cmackin7l@tumblr.com,Female,sdsdsd
275,Trixi,Doxey,tdoxey7m@upenn.edu,Female,sdsdsd
276,Brok,Rihanek,brihanek7n@instagram.com,Male,sdsdsd
277,Westbrooke,Simonato,wsimonato7o@devhub.com,Male,sdsdsd
278,Ermin,Perot,eperot7p@msn.com,Male,sdsdsd
279,Janek,Oslar,joslar7q@redcross.org,Male,sdsdsd
280,Peter,Yule,pyule7r@irs.gov,Male,sdsdsd
281,Magdaia,Nesfield,mnesfield7s@cafepress.com,Female,sdsdsd
282,Sergent,Wyles,swyles7t@dion.ne.jp,Male,sdsdsd
283,Yoshi,Doumenc,ydoumenc7u@wikimedia.org,Female,sdsdsd
284,Cully,Doogue,cdoogue7v@disqus.com,Male,sdsdsd
285,Vasilis,Stafford,vstafford7w@blinklist.com,Male,sdsdsd
286,Anica,Bagley,abagley7x@bizjournals.com,Female,sdsdsd
287,Ave,Mitchelhill,amitchelhill7y@tuttocitta.it,Male,sdsdsd
288,Kinnie,Shrieve,kshrieve7z@stanford.edu,Male,sdsdsd
289,Hodge,Vigne,hvigne80@ifeng.com,Male,sdsdsd
290,Bell,Robjohns,brobjohns81@illinois.edu,Female,sdsdsd
291,Conny,Alvin,calvin82@spotify.com,Female,sdsdsd
292,Mackenzie,Aikett,maikett83@wufoo.com,Male,sdsdsd
293,Dicky,Minghi,dminghi84@loc.gov,Male,sdsdsd
294,Hatti,Haverson,hhaverson85@alibaba.com,Female,sdsdsd
295,Charlene,Guerrieri,cguerrieri86@nih.gov,Female,sdsdsd
296,Sawyer,Stranaghan,sstranaghan87@xrea.com,Male,sdsdsd
297,Terrijo,Palke,tpalke88@altervista.org,Female,sdsdsd
298,Terri,Cicconettii,tcicconettii89@examiner.com,Male,sdsdsd
299,Eulalie,Scholte,escholte8a@linkedin.com,Female,sdsdsd
300,Gayle,Salmons,gsalmons8b@ameblo.jp,Male,sdsdsd
301,Wanda,Babst,wbabst8c@behance.net,Female,sdsdsd
302,Crystal,Czajkowska,cczajkowska8d@ox.ac.uk,Female,sdsdsd
303,Chase,Cuttell,ccuttell8e@topsy.com,Male,sdsdsd
304,Riccardo,Bedrosian,rbedrosian8f@w3.org,Male,sdsdsd
305,Chris,Tiery,ctiery8g@quantcast.com,Female,sdsdsd
306,Edeline,Skittrell,eskittrell8h@harvard.edu,Female,sdsdsd
307,Deanne,Fanshawe,dfanshawe8i@nasa.gov,Female,sdsdsd
308,Pace,Fassan,pfassan8j@gravatar.com,Male,sdsdsd
309,Hamish,Itscowics,hitscowics8k@moonfruit.com,Male,sdsdsd
310,Rasia,MacCracken,rmaccracken8l@blinklist.com,Female,sdsdsd
311,Othelia,Lyvon,olyvon8m@xrea.com,Female,sdsdsd
312,Augustine,Hanratty,ahanratty8n@businessweek.com,Female,sdsdsd
313,Melicent,De Souza,mdesouza8o@stumbleupon.com,Female,sdsdsd
314,Margie,Borrows,mborrows8p@chronoengine.com,Female,sdsdsd
315,Fonz,Behr,fbehr8q@1und1.de,Male,sdsdsd
316,Raychel,Karmel,rkarmel8r@usda.gov,Female,sdsdsd
317,Lindy,Orbon,lorbon8s@google.com.au,Male,sdsdsd
318,Huberto,Ikins,hikins8t@examiner.com,Male,sdsdsd
319,Sigfrid,Newns,snewns8u@cloudflare.com,Male,sdsdsd
320,Cassaundra,Brandenberg,cbrandenberg8v@wufoo.com,Female,sdsdsd
321,Maggee,Petriello,mpetriello8w@dmoz.org,Female,sdsdsd
322,Toddie,Pusey,tpusey8x@xing.com,Male,sdsdsd
323,Ganny,Ithell,githell8y@dropbox.com,Male,sdsdsd
324,Annaliese,Berggren,aberggren8z@census.gov,Female,sdsdsd
325,Salem,Rymill,srymill90@army.mil,Male,sdsdsd
326,Drusi,Wardington,dwardington91@ocn.ne.jp,Female,sdsdsd
327,Hiram,McClenan,hmcclenan92@home.pl,Male,sdsdsd
328,Jonathan,Paxton,jpaxton93@t.co,Male,sdsdsd
329,Parry,Smales,psmales94@wikispaces.com,Male,sdsdsd
330,Gran,Sand,gsand95@alibaba.com,Male,sdsdsd
331,Tarra,Mort,tmort96@java.com,Female,sdsdsd
332,Vanya,Stallybrass,vstallybrass97@blog.com,Female,sdsdsd
333,Sal,Dorow,sdorow98@moonfruit.com,Female,sdsdsd
334,Molly,Alfonso,malfonso99@cam.ac.uk,Female,sdsdsd
335,Nataniel,Kemmer,nkemmer9a@reverbnation.com,Male,sdsdsd
336,Ellswerth,Jeppe,ejeppe9b@spiegel.de,Male,sdsdsd
337,Kincaid,Ludlom,kludlom9c@google.co.jp,Male,sdsdsd
338,Celina,O'Howbane,cohowbane9d@google.com.au,Female,sdsdsd
339,Avivah,Garlett,agarlett9e@whitehouse.gov,Female,sdsdsd
340,Pavel,Digan,pdigan9f@shop-pro.jp,Male,sdsdsd
341,Rosita,Disman,rdisman9g@baidu.com,Female,sdsdsd
342,Skipp,Pasley,spasley9h@walmart.com,Male,sdsdsd
343,Mufinella,Midson,mmidson9i@theguardian.com,Female,sdsdsd
344,Rodrigo,Frobisher,rfrobisher9j@prweb.com,Male,sdsdsd
345,Walt,Keoghan,wkeoghan9k@ifeng.com,Male,sdsdsd
346,Melli,Leach,mleach9l@twitter.com,Female,sdsdsd
347,Baird,Finker,bfinker9m@arstechnica.com,Male,sdsdsd
348,Saxe,Brice,sbrice9n@phoca.cz,Male,sdsdsd
349,Rubina,Climar,rclimar9o@apple.com,Female,sdsdsd
350,Daven,Caherny,dcaherny9p@disqus.com,Male,sdsdsd
351,Thain,Mayow,tmayow9q@europa.eu,Male,sdsdsd
352,Veriee,Ferrillio,vferrillio9r@usnews.com,Female,sdsdsd
353,Ware,Gribbon,wgribbon9s@skyrock.com,Male,sdsdsd
354,Evvy,Probet,eprobet9t@cyberchimps.com,Female,sdsdsd
355,Erina,Dubois,edubois9u@bloglovin.com,Female,sdsdsd
356,Marylee,Schiell,mschiell9v@census.gov,Female,sdsdsd
357,Beltran,Wermerling,bwermerling9w@redcross.org,Male,sdsdsd
358,Paige,Giovanardi,pgiovanardi9x@bigcartel.com,Male,sdsdsd
359,Frasco,Madden,fmadden9y@unc.edu,Male,sdsdsd
360,Cesar,Bamlet,cbamlet9z@reuters.com,Male,sdsdsd
361,Annice,Bofield,abofielda0@ycombinator.com,Female,sdsdsd
362,Fara,Pantone,fpantonea1@e-recht24.de,Female,sdsdsd
363,Melanie,Wilding,mwildinga2@microsoft.com,Female,sdsdsd
364,Helen,Clere,hclerea3@guardian.co.uk,Female,sdsdsd
365,Ken,Cudiff,kcudiffa4@oakley.com,Male,sdsdsd
366,Christian,Oslar,coslara5@china.com.cn,Female,sdsdsd
367,Archibald,Dombrell,adombrella6@domainmarket.com,Male,sdsdsd
368,Sanford,Loader,sloadera7@va.gov,Male,sdsdsd
369,Maxy,Shatford,mshatforda8@free.fr,Male,sdsdsd
370,D'arcy,Budgey,dbudgeya9@smh.com.au,Male,sdsdsd
371,Aldus,Gabb,agabbaa@51.la,Male,sdsdsd
372,Concordia,Amer,camerab@amazon.com,Female,sdsdsd
373,Schuyler,Thalmann,sthalmannac@artisteer.com,Male,sdsdsd
374,Tuesday,McDougal,tmcdougalad@jiathis.com,Female,sdsdsd
375,Maury,Pacher,mpacherae@mail.ru,Male,sdsdsd
376,Brandi,Edler,bedleraf@google.fr,Female,sdsdsd
377,Albertina,Bartak,abartakag@studiopress.com,Female,sdsdsd
378,Jacobo,Crawford,jcrawfordah@independent.co.uk,Male,sdsdsd
379,Madella,Kunath,mkunathai@amazon.co.jp,Female,sdsdsd
380,Barnett,Nimmo,bnimmoaj@dailymail.co.uk,Male,sdsdsd
381,Clio,Orhrt,corhrtak@shop-pro.jp,Female,sdsdsd
382,Elwyn,Simm,esimmal@howstuffworks.com,Male,sdsdsd
383,Arlene,Brunicke,abrunickeam@bbc.co.uk,Female,sdsdsd
384,Xymenes,Mateev,xmateevan@nhs.uk,Male,sdsdsd
385,Hillyer,Forge,hforgeao@ca.gov,Male,sdsdsd
386,Virgil,Hilland,vhillandap@umich.edu,Male,sdsdsd
387,Blinnie,Seacombe,bseacombeaq@thetimes.co.uk,Female,sdsdsd
388,Drona,Glisenan,dglisenanar@slashdot.org,Female,sdsdsd
389,Valentine,Laite,vlaiteas@webnode.com,Male,sdsdsd
390,Cleon,Judkins,cjudkinsat@nba.com,Male,sdsdsd
391,Malchy,Bernardino,mbernardinoau@thetimes.co.uk,Male,sdsdsd
392,Hilton,Brownsword,hbrownswordav@printfriendly.com,Male,sdsdsd
393,Tawsha,Balnave,tbalnaveaw@scribd.com,Female,sdsdsd
394,Burnard,Simoens,bsimoensax@ucsd.edu,Male,sdsdsd
395,Maegan,Pearlman,mpearlmanay@wikia.com,Female,sdsdsd
396,Brok,Burberye,bburberyeaz@scribd.com,Male,sdsdsd
397,Myrilla,Le Strange,mlestrangeb0@usgs.gov,Female,sdsdsd
398,Gayla,Wieprecht,gwieprechtb1@zimbio.com,Female,sdsdsd
399,Shea,Laughrey,slaughreyb2@nydailynews.com,Male,sdsdsd
400,Celestyn,Dunbavin,cdunbavinb3@tumblr.com,Female,sdsdsd
401,Nessi,Potzold,npotzoldb4@walmart.com,Female,sdsdsd
402,Portia,Page,ppageb5@merriam-webster.com,Female,sdsdsd
403,Ignaz,Chaloner,ichalonerb6@usgs.gov,Male,sdsdsd
404,Mattias,Starkie,mstarkieb7@ucoz.com,Male,sdsdsd
405,Godard,Wanklyn,gwanklynb8@oakley.com,Male,sdsdsd
406,Walliw,Jasik,wjasikb9@instagram.com,Female,sdsdsd
407,Derek,Launder,dlaunderba@java.com,Male,sdsdsd
408,Rodger,Douche,rdouchebb@springer.com,Male,sdsdsd
409,Barr,Glaum,bglaumbc@fda.gov,Male,sdsdsd
410,Cornall,Huniwall,chuniwallbd@businesswire.com,Male,sdsdsd
411,Lynelle,Piper,lpiperbe@engadget.com,Female,sdsdsd
412,Katleen,Cherrison,kcherrisonbf@freewebs.com,Female,sdsdsd
413,Randolf,Lamont,rlamontbg@livejournal.com,Male,sdsdsd
414,Liam,O'Feeny,lofeenybh@uol.com.br,Male,sdsdsd
415,Kaylee,Vorley,kvorleybi@bigcartel.com,Female,sdsdsd
416,Ealasaid,Husthwaite,ehusthwaitebj@list-manage.com,Female,sdsdsd
417,Leanna,Reneke,lrenekebk@vinaora.com,Female,sdsdsd
418,Dwain,Coopper,dcoopperbl@taobao.com,Male,sdsdsd
419,Ossie,Noad,onoadbm@creativecommons.org,Male,sdsdsd
420,Micheil,Colville,mcolvillebn@google.com,Male,sdsdsd
421,Delora,Ellington,dellingtonbo@livejournal.com,Female,sdsdsd
422,Myrtia,Stokes,mstokesbp@scientificamerican.com,Female,sdsdsd
423,Hamlin,Kalf,hkalfbq@sogou.com,Male,sdsdsd
424,Desmond,Kennedy,dkennedybr@mtv.com,Male,sdsdsd
425,Wally,Fearick,wfearickbs@apple.com,Female,sdsdsd
426,Elane,Edge,eedgebt@ovh.net,Female,sdsdsd
427,Codee,Dawes,cdawesbu@unesco.org,Female,sdsdsd
428,Engelbert,Swaffer,eswafferbv@is.gd,Male,sdsdsd
429,Tobie,Skitch,tskitchbw@squarespace.com,Male,sdsdsd
430,Nichols,Folan,nfolanbx@over-blog.com,Male,sdsdsd
431,Etta,Malloch,emallochby@google.ru,Female,sdsdsd
432,Anette,Ribey,aribeybz@ed.gov,Female,sdsdsd
433,Steffen,Marages,smaragesc0@state.gov,Male,sdsdsd
434,Alexandros,Olliffe,aolliffec1@clickbank.net,Male,sdsdsd
435,Carmelia,Ubsdell,cubsdellc2@umn.edu,Female,sdsdsd
436,Korey,Emmerson,kemmersonc3@army.mil,Male,sdsdsd
437,August,Thickpenny,athickpennyc4@springer.com,Male,sdsdsd
438,Inessa,Billion,ibillionc5@tripadvisor.com,Female,sdsdsd
439,Rochette,Penke,rpenkec6@yellowpages.com,Female,sdsdsd
440,Donnajean,Baylay,dbaylayc7@discuz.net,Female,sdsdsd
441,Jilly,Mablestone,jmablestonec8@1688.com,Female,sdsdsd
442,Virgina,Kitchin,vkitchinc9@answers.com,Female,sdsdsd
443,Krissy,Haselwood,khaselwoodca@who.int,Female,sdsdsd
444,Adelina,Bagwell,abagwellcb@patch.com,Female,sdsdsd
445,Kathe,Nerger,knergercc@answers.com,Female,sdsdsd
446,Diandra,Dwane,ddwanecd@latimes.com,Female,sdsdsd
447,Dwain,Kop,dkopce@simplemachines.org,Male,sdsdsd
448,Jessie,Leinthall,jleinthallcf@taobao.com,Female,sdsdsd
449,Creight,Southall,csouthallcg@artisteer.com,Male,sdsdsd
450,Vita,Bilovus,vbilovusch@techcrunch.com,Female,sdsdsd
451,Whitney,Gard,wgardci@usnews.com,Female,sdsdsd
452,Dorolisa,Chiddy,dchiddycj@wordpress.com,Female,sdsdsd
453,Aldridge,Jorat,ajoratck@nps.gov,Male,sdsdsd
454,Juliane,Shoebotham,jshoebothamcl@miibeian.gov.cn,Female,sdsdsd
455,Verney,Garner,vgarnercm@furl.net,Male,sdsdsd
456,Bronny,Caseley,bcaseleycn@fda.gov,Male,sdsdsd
457,Idalina,Ourry,iourryco@elpais.com,Female,sdsdsd
458,Geoffrey,Dendon,gdendoncp@ehow.com,Male,sdsdsd
459,Kennett,Bricksey,kbrickseycq@scientificamerican.com,Male,sdsdsd
460,Rodrique,Errey,rerreycr@hhs.gov,Male,sdsdsd
461,Chandler,Vurley,cvurleycs@examiner.com,Male,sdsdsd
462,Waylon,Rohlfs,wrohlfsct@yahoo.com,Male,sdsdsd
463,Noel,Wanne,nwannecu@cocolog-nifty.com,Female,sdsdsd
464,Reuven,O'Shiels,roshielscv@businessinsider.com,Male,sdsdsd
465,Kerrill,Noye,knoyecw@unicef.org,Female,sdsdsd
466,Allison,Braunton,abrauntoncx@ox.ac.uk,Female,sdsdsd
467,Larry,Davidovitch,ldavidovitchcy@skype.com,Male,sdsdsd
468,Derk,Ward,dwardcz@arizona.edu,Male,sdsdsd
469,Noel,Ravens,nravensd0@instagram.com,Female,sdsdsd
470,Reagen,Overstall,roverstalld1@godaddy.com,Male,sdsdsd
471,Glyn,Stoakes,gstoakesd2@myspace.com,Female,sdsdsd
472,Sophronia,Burnyate,sburnyated3@1und1.de,Female,sdsdsd
473,Silas,McIllroy,smcillroyd4@boston.com,Male,sdsdsd
474,Lillis,Fellos,lfellosd5@fastcompany.com,Female,sdsdsd
475,Kalli,Dagnan,kdagnand6@nydailynews.com,Female,sdsdsd
476,Elwin,Dunnet,edunnetd7@state.gov,Male,sdsdsd
477,Gauthier,MacConnulty,gmacconnultyd8@marketwatch.com,Male,sdsdsd
478,Judon,Hurcombe,jhurcombed9@yolasite.com,Male,sdsdsd
479,Karita,Wimlett,kwimlettda@phpbb.com,Female,sdsdsd
480,Preston,Ewing,pewingdb@dmoz.org,Male,sdsdsd
481,William,Ferebee,wferebeedc@fda.gov,Male,sdsdsd
482,Margit,Sasser,msasserdd@alexa.com,Female,sdsdsd
483,Franky,Scarrott,fscarrottde@bloglovin.com,Male,sdsdsd
484,Branden,Golland,bgollanddf@nyu.edu,Male,sdsdsd
485,Shannon,Garner,sgarnerdg@chronoengine.com,Male,sdsdsd
486,Gill,Spurrior,gspurriordh@nifty.com,Male,sdsdsd
487,Eben,Jackman,ejackmandi@foxnews.com,Male,sdsdsd
488,Kelby,Casassa,kcasassadj@yellowpages.com,Male,sdsdsd
489,Hubie,Leving,hlevingdk@php.net,Male,sdsdsd
490,Mira,Killcross,mkillcrossdl@mapy.cz,Female,sdsdsd
491,Katey,Gathwaite,kgathwaitedm@shareasale.com,Female,sdsdsd
492,Farr,McBrearty,fmcbreartydn@youtube.com,Male,sdsdsd
493,Nichols,Hollidge,nhollidgedo@de.vu,Male,sdsdsd
494,Carroll,Boffin,cboffindp@mashable.com,Female,sdsdsd
495,Gabe,Chidgey,gchidgeydq@parallels.com,Male,sdsdsd
496,Chaddy,Sellers,csellersdr@chron.com,Male,sdsdsd
497,Jamison,Elnor,jelnords@eepurl.com,Male,sdsdsd
498,Annabell,Baudain,abaudaindt@prlog.org,Female,sdsdsd
499,Dasha,Davidsohn,ddavidsohndu@goo.ne.jp,Female,sdsdsd
500,Novelia,Ashbolt,nashboltdv@huffingtonpost.com,Female,sdsdsd
501,Gerald,Rumble,grumbledw@patch.com,Male,sdsdsd
502,Cazzie,Huckabe,chuckabedx@un.org,Male,sdsdsd
503,Mart,Keasley,mkeasleydy@ocn.ne.jp,Male,sdsdsd
504,Syd,McAlroy,smcalroydz@tinypic.com,Male,sdsdsd
505,Sauveur,Warre,swarree0@photobucket.com,Male,sdsdsd
506,Brandy,Meneghi,bmeneghie1@forbes.com,Male,sdsdsd
507,Christina,Antognetti,cantognettie2@weibo.com,Female,sdsdsd
508,Kristyn,Fretter,kfrettere3@baidu.com,Female,sdsdsd
509,Hersch,Nosworthy,hnosworthye4@blogspot.com,Male,sdsdsd
510,Deidre,Yann,dyanne5@furl.net,Female,sdsdsd
511,Etienne,Hullin,ehulline6@epa.gov,Male,sdsdsd
512,Nickey,Dounbare,ndounbaree7@apple.com,Male,sdsdsd
513,Lissa,McLaughlan,lmclaughlane8@netscape.com,Female,sdsdsd
514,Christina,Osipenko,cosipenkoe9@newsvine.com,Female,sdsdsd
515,Ransell,Deddum,rdeddumea@whitehouse.gov,Male,sdsdsd
516,Dominik,Rosendall,drosendalleb@163.com,Male,sdsdsd
517,Malory,Hairsnape,mhairsnapeec@51.la,Female,sdsdsd
518,Florie,Zammett,fzammetted@plala.or.jp,Female,sdsdsd
519,Roda,Gravell,rgravellee@alibaba.com,Female,sdsdsd
520,Beulah,Dulinty,bdulintyef@webeden.co.uk,Female,sdsdsd
521,Kermy,Colleer,kcolleereg@hhs.gov,Male,sdsdsd
522,Wat,Chittie,wchittieeh@fc2.com,Male,sdsdsd
523,Milty,Bartoszek,mbartoszekei@ebay.co.uk,Male,sdsdsd
524,Levey,Axtell,laxtellej@bloglovin.com,Male,sdsdsd
525,Briant,Howe,bhoweek@delicious.com,Male,sdsdsd
526,Emmalyn,Lobb,elobbel@amazon.co.jp,Female,sdsdsd
527,Boothe,Cavill,bcavillem@bloglines.com,Male,sdsdsd
528,Shay,Mathevet,smatheveten@hubpages.com,Male,sdsdsd
529,Melodie,Whate,mwhateeo@facebook.com,Female,sdsdsd
530,Tish,Chimenti,tchimentiep@simplemachines.org,Female,sdsdsd
531,Dara,Courtliff,dcourtliffeq@cloudflare.com,Female,sdsdsd
532,Bert,Tetla,btetlaer@ehow.com,Female,sdsdsd
533,Prentice,Tebald,ptebaldes@mapquest.com,Male,sdsdsd
534,Sibylla,Burwell,sburwellet@cloudflare.com,Female,sdsdsd
535,Tyrus,Bernaciak,tbernaciakeu@ucla.edu,Male,sdsdsd
536,Margarita,McFarland,mmcfarlandev@amazon.co.jp,Female,sdsdsd
537,Port,Gurney,pgurneyew@icio.us,Male,sdsdsd
538,Rhiamon,Broxup,rbroxupex@about.com,Female,sdsdsd
539,Marlo,Tolmie,mtolmieey@wikispaces.com,Male,sdsdsd
540,Reagan,Szimon,rszimonez@chronoengine.com,Male,sdsdsd
541,Layton,Linklater,llinklaterf0@exblog.jp,Male,sdsdsd
542,Rhoda,Lochead,rlocheadf1@icq.com,Female,sdsdsd
543,Giana,Aviss,gavissf2@live.com,Female,sdsdsd
544,Emlyn,Petchell,epetchellf3@theatlantic.com,Male,sdsdsd
545,Sergio,Osborne,sosbornef4@e-recht24.de,Male,sdsdsd
546,Christal,Tallet,ctalletf5@amazonaws.com,Female,sdsdsd
547,Dylan,Horlock,dhorlockf6@disqus.com,Male,sdsdsd
548,Thain,Vasquez,tvasquezf7@t.co,Male,sdsdsd
549,Devora,Struys,dstruysf8@purevolume.com,Female,sdsdsd
550,Sela,Sandyford,ssandyfordf9@walmart.com,Female,sdsdsd
551,Maurizia,Ridger,mridgerfa@twitter.com,Female,sdsdsd
552,Ian,Talkington,italkingtonfb@google.pl,Male,sdsdsd
553,Wren,Bynert,wbynertfc@artisteer.com,Female,sdsdsd
554,Silvia,Bimrose,sbimrosefd@pinterest.com,Female,sdsdsd
555,Dag,Woolham,dwoolhamfe@typepad.com,Male,sdsdsd
556,Owen,Jakubovicz,ojakuboviczff@tumblr.com,Male,sdsdsd
557,Claudia,Widocks,cwidocksfg@ed.gov,Female,sdsdsd
558,Basilius,Jaqueme,bjaquemefh@nbcnews.com,Male,sdsdsd
559,Arlen,Pulsford,apulsfordfi@discovery.com,Female,sdsdsd
560,Clemente,Tamburo,ctamburofj@bloglines.com,Male,sdsdsd
561,Noella,Kitteridge,nkitteridgefk@discuz.net,Female,sdsdsd
562,Christy,Aldis,caldisfl@csmonitor.com,Female,sdsdsd
563,Dieter,Gaylard,dgaylardfm@va.gov,Male,sdsdsd
564,Earl,Lobe,elobefn@github.com,Male,sdsdsd
565,Jeannine,Ourtic,jourticfo@telegraph.co.uk,Female,sdsdsd
566,Lombard,Antonopoulos,lantonopoulosfp@omniture.com,Male,sdsdsd
567,Lacey,Vedeneev,lvedeneevfq@boston.com,Female,sdsdsd
568,Viva,Gettins,vgettinsfr@answers.com,Female,sdsdsd
569,Eamon,Morville,emorvillefs@unblog.fr,Male,sdsdsd
570,Auberta,MacKilroe,amackilroeft@cornell.edu,Female,sdsdsd
571,Maria,Lusher,mlusherfu@cocolog-nifty.com,Female,sdsdsd
572,Catharina,Beggi,cbeggifv@sun.com,Female,sdsdsd
573,Jacinta,Croston,jcrostonfw@nbcnews.com,Female,sdsdsd
574,Hollis,Moakson,hmoaksonfx@amazon.de,Male,sdsdsd
575,Sax,Kerman,skermanfy@cnn.com,Male,sdsdsd
576,Britt,Jellicorse,bjellicorsefz@ucoz.ru,Female,sdsdsd
577,Sammy,Durtnall,sdurtnallg0@msu.edu,Male,sdsdsd
578,Alfons,Carleton,acarletong1@is.gd,Male,sdsdsd
579,Jacki,Creaser,jcreaserg2@diigo.com,Female,sdsdsd
580,Ronald,Rennox,rrennoxg3@mediafire.com,Male,sdsdsd
581,Steve,Coley,scoleyg4@usda.gov,Male,sdsdsd
582,Novelia,Delafoy,ndelafoyg5@tumblr.com,Female,sdsdsd
583,Quentin,Durden,qdurdeng6@reverbnation.com,Male,sdsdsd
584,Juliana,Brand-Hardy,jbrandhardyg7@myspace.com,Female,sdsdsd
585,Noble,Klebes,nklebesg8@hc360.com,Male,sdsdsd
586,Myrle,Burgoyne,mburgoyneg9@chron.com,Female,sdsdsd
587,Patrice,Liell,pliellga@fotki.com,Female,sdsdsd
588,Darby,Ludford,dludfordgb@youku.com,Female,sdsdsd
589,Nataline,Richings,nrichingsgc@is.gd,Female,sdsdsd
590,Bo,Maud,bmaudgd@wikipedia.org,Male,sdsdsd
591,Juieta,Geistbeck,jgeistbeckge@bloglines.com,Female,sdsdsd
592,Brander,Coleford,bcolefordgf@rakuten.co.jp,Male,sdsdsd
593,Sapphira,Paolotto,spaolottogg@vkontakte.ru,Female,sdsdsd
594,Francisco,Thorneley,fthorneleygh@indiatimes.com,Male,sdsdsd
595,Ange,Dickson,adicksongi@economist.com,Male,sdsdsd
596,Michele,Demcak,mdemcakgj@psu.edu,Male,sdsdsd
597,Kaine,Atherton,kathertongk@patch.com,Male,sdsdsd
598,Pasquale,Jeves,pjevesgl@jalbum.net,Male,sdsdsd
599,Shayla,Mailey,smaileygm@marketwatch.com,Female,sdsdsd
600,Saxon,Sneath,ssneathgn@ca.gov,Male,sdsdsd
601,Dusty,Fashion,dfashiongo@flickr.com,Female,sdsdsd
602,Desdemona,Beasleigh,dbeasleighgp@go.com,Female,sdsdsd
603,Lanna,Simpkins,lsimpkinsgq@army.mil,Female,sdsdsd
604,Jerrylee,Fereday,jferedaygr@qq.com,Female,sdsdsd
605,Dayle,Kermannes,dkermannesgs@ft.com,Female,sdsdsd
606,Sigismundo,Helmke,shelmkegt@slate.com,Male,sdsdsd
607,Fancie,Mussotti,fmussottigu@live.com,Female,sdsdsd
608,Mallorie,Templar,mtemplargv@mysql.com,Female,sdsdsd
609,Daven,Delia,ddeliagw@ox.ac.uk,Male,sdsdsd
610,Stacy,Vahey,svaheygx@webeden.co.uk,Female,sdsdsd
611,Nikaniki,Frew,nfrewgy@answers.com,Female,sdsdsd
612,Tamara,Kibble,tkibblegz@umn.edu,Female,sdsdsd
613,Fanni,Hurdman,fhurdmanh0@homestead.com,Female,sdsdsd
614,Nerita,Valasek,nvalasekh1@time.com,Female,sdsdsd
615,Frederic,Anstead,fansteadh2@umn.edu,Male,sdsdsd
616,Vick,Castanaga,vcastanagah3@berkeley.edu,Male,sdsdsd
617,Shaun,Gerkens,sgerkensh4@intel.com,Male,sdsdsd
618,Elane,Papps,epappsh5@tuttocitta.it,Female,sdsdsd
619,Stephenie,Sousa,ssousah6@icq.com,Female,sdsdsd
620,Robbi,Blaney,rblaneyh7@blogger.com,Female,sdsdsd
621,Kincaid,Rosa,krosah8@delicious.com,Male,sdsdsd
622,Mercie,Gripton,mgriptonh9@amazon.com,Female,sdsdsd
623,Madella,Poulett,mpoulettha@surveymonkey.com,Female,sdsdsd
624,Skyler,McTerlagh,smcterlaghhb@google.com.br,Male,sdsdsd
625,Florette,Bollin,fbollinhc@people.com.cn,Female,sdsdsd
626,Winifield,Tarrier,wtarrierhd@walmart.com,Male,sdsdsd
627,Axel,Braidon,abraidonhe@springer.com,Male,sdsdsd
628,Arlan,Geistbeck,ageistbeckhf@i2i.jp,Male,sdsdsd
629,Constantina,Tock,ctockhg@businessinsider.com,Female,sdsdsd
630,Ruby,Yonge,ryongehh@yellowpages.com,Male,sdsdsd
631,Marty,Pulsford,mpulsfordhi@nba.com,Female,sdsdsd
632,Alex,Macklam,amacklamhj@imgur.com,Male,sdsdsd
633,Edan,Tomczykiewicz,etomczykiewiczhk@blogspot.com,Male,sdsdsd
634,Jameson,Hauch,jhauchhl@xing.com,Male,sdsdsd
635,Mata,Tarpey,mtarpeyhm@devhub.com,Male,sdsdsd
636,Doralin,Maddigan,dmaddiganhn@ning.com,Female,sdsdsd
637,Elvis,Brimner,ebrimnerho@nih.gov,Male,sdsdsd
638,Conrad,Tizard,ctizardhp@skyrock.com,Male,sdsdsd
639,Koo,Crier,kcrierhq@csmonitor.com,Female,sdsdsd
640,Raeann,Molineux,rmolineuxhr@wired.com,Female,sdsdsd
641,Lonnard,Crevy,lcrevyhs@earthlink.net,Male,sdsdsd
642,Buddie,Cordle,bcordleht@acquirethisname.com,Male,sdsdsd
643,Lucio,De la Yglesias,ldelayglesiashu@t.co,Male,sdsdsd
644,Korella,Line,klinehv@nifty.com,Female,sdsdsd
645,Jami,Pautot,jpautothw@msn.com,Female,sdsdsd
646,Traver,Nuzzti,tnuzztihx@woothemes.com,Male,sdsdsd
647,Kris,Cordaroy,kcordaroyhy@virginia.edu,Male,sdsdsd
648,Siana,Gostling,sgostlinghz@gravatar.com,Female,sdsdsd
649,Gabbie,Matokhnin,gmatokhnini0@noaa.gov,Male,sdsdsd
650,Stanfield,Rothera,srotherai1@house.gov,Male,sdsdsd
651,Dewey,MacKain,dmackaini2@smh.com.au,Male,sdsdsd
652,Christabella,Hutcheon,chutcheoni3@gizmodo.com,Female,sdsdsd
653,Robyn,Richardes,rrichardesi4@mediafire.com,Female,sdsdsd
654,Eduard,Antonnikov,eantonnikovi5@google.es,Male,sdsdsd
655,Kimmie,Hugill,khugilli6@1und1.de,Female,sdsdsd
656,Stevena,Volk,svolki7@netlog.com,Female,sdsdsd
657,Pascal,Posner,pposneri8@netvibes.com,Male,sdsdsd
658,Isabeau,Bowles,ibowlesi9@ocn.ne.jp,Female,sdsdsd
659,Rich,McCrone,rmccroneia@bigcartel.com,Male,sdsdsd
660,Regen,Sole,rsoleib@constantcontact.com,Male,sdsdsd
661,Leticia,Wishkar,lwishkaric@dyndns.org,Female,sdsdsd
662,Chane,Croneen,ccroneenid@booking.com,Male,sdsdsd
663,Francesco,Brazur,fbrazurie@apache.org,Male,sdsdsd
664,Suzy,Apps,sappsif@theguardian.com,Female,sdsdsd
665,Marge,Rosin,mrosinig@cbc.ca,Female,sdsdsd
666,Berny,Paulo,bpauloih@eepurl.com,Male,sdsdsd
667,Ivette,Bukowski,ibukowskiii@economist.com,Female,sdsdsd
668,Connor,Cusick,ccusickij@apple.com,Male,sdsdsd
669,Vin,Edlyn,vedlynik@intel.com,Male,sdsdsd
670,Reina,Risby,rrisbyil@canalblog.com,Female,sdsdsd
671,Gregoire,Jobbins,gjobbinsim@example.com,Male,sdsdsd
672,Jeniece,De Vaan,jdevaanin@ameblo.jp,Female,sdsdsd
673,Nevile,Friary,nfriaryio@technorati.com,Male,sdsdsd
674,Elinore,Northcott,enorthcottip@i2i.jp,Female,sdsdsd
675,Myrvyn,McCullen,mmcculleniq@xing.com,Male,sdsdsd
676,Fairlie,Currao,fcurraoir@ow.ly,Male,sdsdsd
677,Leonhard,Meyer,lmeyeris@clickbank.net,Male,sdsdsd
678,Nada,Chafer,nchaferit@forbes.com,Female,sdsdsd
679,Godard,Mourant,gmourantiu@sohu.com,Male,sdsdsd
680,Nahum,Blogg,nbloggiv@netlog.com,Male,sdsdsd
681,Madalyn,Bellows,mbellowsiw@bbb.org,Female,sdsdsd
682,Scotti,Calderon,scalderonix@telegraph.co.uk,Male,sdsdsd
683,Corine,Aylwin,caylwiniy@instagram.com,Female,sdsdsd
684,Essa,Lineker,elinekeriz@adobe.com,Female,sdsdsd
685,Hildy,Elliott,helliottj0@dagondesign.com,Female,sdsdsd
686,Rafaellle,Dalliwater,rdalliwaterj1@purevolume.com,Male,sdsdsd
687,Avictor,Stede,astedej2@woothemes.com,Male,sdsdsd
688,Hedvige,Barthorpe,hbarthorpej3@blogtalkradio.com,Female,sdsdsd
689,Adelle,Aleswell,aaleswellj4@wikispaces.com,Female,sdsdsd
690,Betsey,Messager,bmessagerj5@theglobeandmail.com,Female,sdsdsd
691,Babbette,Heard,bheardj6@friendfeed.com,Female,sdsdsd
692,Stephine,Bagshaw,sbagshawj7@psu.edu,Female,sdsdsd
693,Cal,Gissing,cgissingj8@cisco.com,Male,sdsdsd
694,Phil,Punter,ppunterj9@parallels.com,Female,sdsdsd
695,Mauricio,Willey,mwilleyja@who.int,Male,sdsdsd
696,Nichole,Selwood,nselwoodjb@shinystat.com,Female,sdsdsd
697,Ashton,Flounders,afloundersjc@tumblr.com,Male,sdsdsd
698,Elyn,Durning,edurningjd@mozilla.org,Female,sdsdsd
699,Zaccaria,Jaumet,zjaumetje@chicagotribune.com,Male,sdsdsd
700,Hollie,Beswick,hbeswickjf@joomla.org,Female,sdsdsd
701,Care,Spencock,cspencockjg@sogou.com,Male,sdsdsd
702,Edgar,Child,echildjh@va.gov,Male,sdsdsd
703,Ashli,Kenion,akenionji@dedecms.com,Female,sdsdsd
704,Doralyn,Rimour,drimourjj@reference.com,Female,sdsdsd
705,Rob,Tysall,rtysalljk@yale.edu,Male,sdsdsd
706,Lars,Forde,lfordejl@storify.com,Male,sdsdsd
707,Stormy,Guillerman,sguillermanjm@paypal.com,Female,sdsdsd
708,Thaxter,Frigout,tfrigoutjn@tripadvisor.com,Male,sdsdsd
709,Tommy,Crystal,tcrystaljo@mashable.com,Male,sdsdsd
710,Alyss,Churchard,achurchardjp@geocities.jp,Female,sdsdsd
711,Lyndsey,Minghella,lminghellajq@lycos.com,Female,sdsdsd
712,Bancroft,Mallinar,bmallinarjr@vkontakte.ru,Male,sdsdsd
713,Martha,Goldman,mgoldmanjs@theglobeandmail.com,Female,sdsdsd
714,Cordie,Allicock,callicockjt@hao123.com,Female,sdsdsd
715,Davis,McJarrow,dmcjarrowju@washington.edu,Male,sdsdsd
716,Elane,Gerleit,egerleitjv@smugmug.com,Female,sdsdsd
717,Fitz,Breslau,fbreslaujw@gov.uk,Male,sdsdsd
718,Derek,Redholes,dredholesjx@google.ru,Male,sdsdsd
719,Betsey,Yablsley,byablsleyjy@blogger.com,Female,sdsdsd
720,Theodor,Welden,tweldenjz@pcworld.com,Male,sdsdsd
721,Peirce,Batisse,pbatissek0@go.com,Male,sdsdsd
722,Kyle,Bloxam,kbloxamk1@dyndns.org,Male,sdsdsd
723,Iolanthe,Gallamore,igallamorek2@admin.ch,Female,sdsdsd
724,Neilla,Cornilli,ncornillik3@ed.gov,Female,sdsdsd
725,Loria,Jakab,ljakabk4@youtu.be,Female,sdsdsd
726,Rochella,Barks,rbarksk5@g.co,Female,sdsdsd
727,Thorsten,Matula,tmatulak6@ucoz.ru,Male,sdsdsd
728,Barnabas,Ankrett,bankrettk7@adobe.com,Male,sdsdsd
729,Hastie,Atrill,hatrillk8@quantcast.com,Male,sdsdsd
730,Mufinella,Stoggell,mstoggellk9@amazon.co.uk,Female,sdsdsd
731,Sarina,Jiroutek,sjiroutekka@networkadvertising.org,Female,sdsdsd
732,Gottfried,Costigan,gcostigankb@twitpic.com,Male,sdsdsd
733,Steven,Jemison,sjemisonkc@google.com,Male,sdsdsd
734,Alvin,Boule,aboulekd@moonfruit.com,Male,sdsdsd
735,Cairistiona,Thirtle,cthirtleke@wufoo.com,Female,sdsdsd
736,Lenci,Causton,lcaustonkf@amazon.de,Male,sdsdsd
737,Becki,Kimbury,bkimburykg@google.es,Female,sdsdsd
738,Modestia,Gaveltone,mgaveltonekh@cdbaby.com,Female,sdsdsd
739,Adria,Cancellieri,acancellieriki@google.co.uk,Female,sdsdsd
740,Roda,Divis,rdiviskj@google.fr,Female,sdsdsd
741,Evey,Manners,emannerskk@ustream.tv,Female,sdsdsd
742,Mattias,Gobat,mgobatkl@google.ca,Male,sdsdsd
743,Annemarie,Liverock,aliverockkm@t.co,Female,sdsdsd
744,Humfrid,Jeavons,hjeavonskn@technorati.com,Male,sdsdsd
745,Marrissa,Grioli,mgrioliko@google.co.uk,Female,sdsdsd
746,Lyda,Fearnehough,lfearnehoughkp@google.de,Female,sdsdsd
747,Esteban,Northedge,enorthedgekq@toplist.cz,Male,sdsdsd
748,Albertina,Honnan,ahonnankr@cloudflare.com,Female,sdsdsd
749,Agna,Lerego,aleregoks@printfriendly.com,Female,sdsdsd
750,Rodge,Innocenti,rinnocentikt@europa.eu,Male,sdsdsd
751,Sampson,Barson,sbarsonku@businessweek.com,Male,sdsdsd
752,Kathy,Garley,kgarleykv@chicagotribune.com,Female,sdsdsd
753,Udall,Bartelli,ubartellikw@alexa.com,Male,sdsdsd
754,Kory,Clail,kclailkx@latimes.com,Male,sdsdsd
755,Monti,Byrd,mbyrdky@independent.co.uk,Male,sdsdsd
756,Vivi,Pezey,vpezeykz@google.com.hk,Female,sdsdsd
757,Bobine,Englefield,benglefieldl0@omniture.com,Female,sdsdsd
758,Brewster,Chadbourne,bchadbournel1@unblog.fr,Male,sdsdsd
759,Verile,Garthside,vgarthsidel2@springer.com,Female,sdsdsd
760,Verge,Yoakley,vyoakleyl3@edublogs.org,Male,sdsdsd
761,Barbara-anne,Dowry,bdowryl4@cloudflare.com,Female,sdsdsd
762,Nap,Brogden,nbrogdenl5@skype.com,Male,sdsdsd
763,Robinet,Drewry,rdrewryl6@pinterest.com,Female,sdsdsd
764,Mireielle,Leys,mleysl7@mozilla.com,Female,sdsdsd
765,Audra,Castiglioni,acastiglionil8@blogspot.com,Female,sdsdsd
766,Germain,Botwood,gbotwoodl9@wiley.com,Male,sdsdsd
767,Rosie,Henmarsh,rhenmarshla@bbc.co.uk,Female,sdsdsd
768,Petronia,Shadrach,pshadrachlb@comcast.net,Female,sdsdsd
769,Yankee,Westmerland,ywestmerlandlc@reverbnation.com,Male,sdsdsd
770,Ransom,Levitt,rlevittld@seattletimes.com,Male,sdsdsd
771,Kate,Chadwell,kchadwellle@delicious.com,Female,sdsdsd
772,Lara,Viall,lvialllf@creativecommons.org,Female,sdsdsd
773,Thia,Koschek,tkoscheklg@bravesites.com,Female,sdsdsd
774,Lisbeth,Hutton,lhuttonlh@yahoo.com,Female,sdsdsd
775,Charlie,MacMillan,cmacmillanli@nba.com,Male,sdsdsd
776,Nickolaus,Bastie,nbastielj@weibo.com,Male,sdsdsd
777,Georas,Votier,gvotierlk@t-online.de,Male,sdsdsd
778,Nerte,Fishe,nfishell@constantcontact.com,Female,sdsdsd
779,Oona,Sinderland,osinderlandlm@java.com,Female,sdsdsd
780,Robinetta,Newlin,rnewlinln@istockphoto.com,Female,sdsdsd
781,Germain,Martinec,gmartineclo@wired.com,Female,sdsdsd
782,Ara,Orme,aormelp@so-net.ne.jp,Male,sdsdsd
783,Gwendolen,Lakey,glakeylq@whitehouse.gov,Female,sdsdsd
784,Patten,Killford,pkillfordlr@vimeo.com,Male,sdsdsd
785,Genevieve,Piolli,gpiollils@lulu.com,Female,sdsdsd
786,Oliver,Hawyes,ohawyeslt@huffingtonpost.com,Male,sdsdsd
787,Bryce,Waycott,bwaycottlu@mozilla.com,Male,sdsdsd
788,Matilda,Bigglestone,mbigglestonelv@taobao.com,Female,sdsdsd
789,Fran,Elmhirst,felmhirstlw@china.com.cn,Female,sdsdsd
790,Willie,Shattock,wshattocklx@hugedomains.com,Male,sdsdsd
791,Noach,Millea,nmillealy@netvibes.com,Male,sdsdsd
792,Olivie,Samsonsen,osamsonsenlz@wisc.edu,Female,sdsdsd
793,Bess,Comino,bcominom0@artisteer.com,Female,sdsdsd
794,Base,Brayford,bbrayfordm1@biglobe.ne.jp,Male,sdsdsd
795,Ruthie,Madine,rmadinem2@ucsd.edu,Female,sdsdsd
796,Jerrold,Brudenell,jbrudenellm3@pcworld.com,Male,sdsdsd
797,Modestia,Kelsow,mkelsowm4@ustream.tv,Female,sdsdsd
798,Darleen,Flanagan,dflanaganm5@free.fr,Female,sdsdsd
799,Emmalee,Hartrick,ehartrickm6@prlog.org,Female,sdsdsd
800,Karney,Bothen,kbothenm7@bbc.co.uk,Male,sdsdsd
801,Kissie,De Giorgi,kdegiorgim8@rakuten.co.jp,Female,sdsdsd
802,Chris,Satchell,csatchellm9@goodreads.com,Male,sdsdsd
803,Filippo,Colvin,fcolvinma@zimbio.com,Male,sdsdsd
804,Thalia,Kollasch,tkollaschmb@blog.com,Female,sdsdsd
805,Gizela,Sommers,gsommersmc@freewebs.com,Female,sdsdsd
806,Lazar,Kerswell,lkerswellmd@irs.gov,Male,sdsdsd
807,Faye,Kinton,fkintonme@taobao.com,Female,sdsdsd
808,Agata,Dike,adikemf@1und1.de,Female,sdsdsd
809,Dora,Hawes,dhawesmg@surveymonkey.com,Female,sdsdsd
810,Augusto,Hartshorne,ahartshornemh@mediafire.com,Male,sdsdsd
811,Tuck,Syson,tsysonmi@seesaa.net,Male,sdsdsd
812,Rachael,Dalla,rdallamj@lulu.com,Female,sdsdsd
813,Otto,St. Hill,osthillmk@china.com.cn,Male,sdsdsd
814,Karlee,Wimbridge,kwimbridgeml@friendfeed.com,Female,sdsdsd
815,Jody,Currin,jcurrinmm@barnesandnoble.com,Male,sdsdsd
816,Aubree,Edgecumbe,aedgecumbemn@intel.com,Female,sdsdsd
817,Glyn,Adamson,gadamsonmo@macromedia.com,Male,sdsdsd
818,Lutero,Bontoft,lbontoftmp@vimeo.com,Male,sdsdsd
819,Dorella,Bollins,dbollinsmq@bandcamp.com,Female,sdsdsd
820,Valry,Splevin,vsplevinmr@economist.com,Female,sdsdsd
821,Osbert,Hover,ohoverms@dedecms.com,Male,sdsdsd
822,Fernando,Keming,fkemingmt@shutterfly.com,Male,sdsdsd
823,Artemus,Androli,aandrolimu@google.co.uk,Male,sdsdsd
824,Oliy,Langtry,olangtrymv@answers.com,Female,sdsdsd
825,Normy,Fulep,nfulepmw@arstechnica.com,Male,sdsdsd
826,Mal,Thirkettle,mthirkettlemx@weibo.com,Male,sdsdsd
827,Shelton,Brodway,sbrodwaymy@cisco.com,Male,sdsdsd
828,Jo-anne,Spencelayh,jspencelayhmz@businesswire.com,Female,sdsdsd
829,Karoly,Penswick,kpenswickn0@adobe.com,Male,sdsdsd
830,Cletis,Tomaszewski,ctomaszewskin1@ft.com,Male,sdsdsd
831,Latrina,Capstake,lcapstaken2@edublogs.org,Female,sdsdsd
832,Burtie,Madge,bmadgen3@tumblr.com,Male,sdsdsd
833,Joane,Dawbery,jdawberyn4@tinyurl.com,Female,sdsdsd
834,Joey,Cowey,jcoweyn5@tinyurl.com,Male,sdsdsd
835,Hodge,Neil,hneiln6@nymag.com,Male,sdsdsd
836,Welbie,Monument,wmonumentn7@paginegialle.it,Male,sdsdsd
837,Gerladina,Coll,gcolln8@telegraph.co.uk,Female,sdsdsd
838,Nicholas,Dalla,ndallan9@usda.gov,Male,sdsdsd
839,Allis,Iacopetti,aiacopettina@archive.org,Female,sdsdsd
840,Cello,Glennon,cglennonnb@apple.com,Male,sdsdsd
841,Yolande,Chattock,ychattocknc@facebook.com,Female,sdsdsd
842,Janith,Layton,jlaytonnd@hexun.com,Female,sdsdsd
843,Shannah,Beames,sbeamesne@hibu.com,Female,sdsdsd
844,Chiarra,Dulake,cdulakenf@netscape.com,Female,sdsdsd
845,Gussi,Kerin,gkerinng@oaic.gov.au,Female,sdsdsd
846,Casey,Munkton,cmunktonnh@jigsy.com,Male,sdsdsd
847,Cad,Pegg,cpeggni@un.org,Male,sdsdsd
848,Hernando,Edwick,hedwicknj@amazon.co.jp,Male,sdsdsd
849,Mari,Chaney,mchaneynk@walmart.com,Female,sdsdsd
850,Feodora,Bounde,fboundenl@mtv.com,Female,sdsdsd
851,Miles,Rizzi,mrizzinm@themeforest.net,Male,sdsdsd
852,Cos,MacDonnell,cmacdonnellnn@istockphoto.com,Male,sdsdsd
853,Ardith,Garfath,agarfathno@addtoany.com,Female,sdsdsd
854,Byrle,Saward,bsawardnp@merriam-webster.com,Male,sdsdsd
855,Mella,Cooksey,mcookseynq@slideshare.net,Female,sdsdsd
856,Benjamen,Breznovic,bbreznovicnr@cdbaby.com,Male,sdsdsd
857,Sallie,Jakoubek,sjakoubekns@blogspot.com,Female,sdsdsd
858,Rosana,Pellamonuten,rpellamonutennt@japanpost.jp,Female,sdsdsd
859,Ruddy,Rockwill,rrockwillnu@bbc.co.uk,Male,sdsdsd
860,Ilysa,Byles,ibylesnv@unesco.org,Female,sdsdsd
861,Carina,Gobbet,cgobbetnw@mediafire.com,Female,sdsdsd
862,Shelba,Moules,smoulesnx@spotify.com,Female,sdsdsd
863,Homere,Merriott,hmerriottny@icio.us,Male,sdsdsd
864,Karly,Cussins,kcussinsnz@liveinternet.ru,Female,sdsdsd
865,Casar,Noraway,cnorawayo0@nps.gov,Male,sdsdsd
866,Edin,Bishop,ebishopo1@desdev.cn,Female,sdsdsd
867,Anya,Founds,afoundso2@yelp.com,Female,sdsdsd
868,Shirlee,Corstan,scorstano3@springer.com,Female,sdsdsd
869,Mariam,de Verson,mdeversono4@spiegel.de,Female,sdsdsd
870,Benedicto,Haysar,bhaysaro5@flickr.com,Male,sdsdsd
871,Kasper,Haugeh,khaugeho6@ed.gov,Male,sdsdsd
872,Alejoa,Taunton,atauntono7@loc.gov,Male,sdsdsd
873,Kai,Kigelman,kkigelmano8@independent.co.uk,Female,sdsdsd
874,Paxton,Ivanin,pivanino9@theglobeandmail.com,Male,sdsdsd
875,Mano,Stucksbury,mstucksburyoa@ox.ac.uk,Male,sdsdsd
876,Skippy,Bayford,sbayfordob@blog.com,Male,sdsdsd
877,Romola,Rathe,rratheoc@baidu.com,Female,sdsdsd
878,Muhammad,Baudinot,mbaudinotod@last.fm,Male,sdsdsd
879,Blythe,Elward,belwardoe@infoseek.co.jp,Female,sdsdsd
880,Reece,Branwhite,rbranwhiteof@dagondesign.com,Male,sdsdsd
881,Harriot,Mandeville,hmandevilleog@youtube.com,Female,sdsdsd
882,Caralie,Fendt,cfendtoh@naver.com,Female,sdsdsd
883,Marthena,Buxam,mbuxamoi@ed.gov,Female,sdsdsd
884,Ari,Olivas,aolivasoj@163.com,Male,sdsdsd
885,Jarrad,Vasilov,jvasilovok@discovery.com,Male,sdsdsd
886,Karlis,Orsi,korsiol@ocn.ne.jp,Male,sdsdsd
887,Maryanna,Halsey,mhalseyom@webmd.com,Female,sdsdsd
888,Barney,Baudains,bbaudainson@arizona.edu,Male,sdsdsd
889,Kimmie,Sawter,ksawteroo@redcross.org,Female,sdsdsd
890,Blinni,Coytes,bcoytesop@utexas.edu,Female,sdsdsd
891,Bradford,Baudone,bbaudoneoq@yellowbook.com,Male,sdsdsd
892,Hillier,Mereweather,hmereweatheror@wikimedia.org,Male,sdsdsd
893,Mallory,Isenor,misenoros@patch.com,Male,sdsdsd
894,Bat,Doudny,bdoudnyot@diigo.com,Male,sdsdsd
895,Judon,Feitosa,jfeitosaou@mediafire.com,Male,sdsdsd
896,Creight,Leed,cleedov@myspace.com,Male,sdsdsd
897,Shaylyn,Whalley,swhalleyow@whitehouse.gov,Female,sdsdsd
898,Sybyl,De Malchar,sdemalcharox@slideshare.net,Female,sdsdsd
899,Rossie,Scholfield,rscholfieldoy@wisc.edu,Male,sdsdsd
900,Dennet,Rowson,drowsonoz@spiegel.de,Male,sdsdsd
901,Moshe,Maypowder,mmaypowderp0@nature.com,Male,sdsdsd
902,Kelila,Grcic,kgrcicp1@umn.edu,Female,sdsdsd
903,Edik,Livezey,elivezeyp2@bloomberg.com,Male,sdsdsd
904,Shelia,Thurlby,sthurlbyp3@usda.gov,Female,sdsdsd
905,Philipa,Navarro,pnavarrop4@virginia.edu,Female,sdsdsd
906,Tina,Flippini,tflippinip5@dyndns.org,Female,sdsdsd
907,Cyrus,Baswall,cbaswallp6@eventbrite.com,Male,sdsdsd
908,Rudyard,Govini,rgovinip7@xing.com,Male,sdsdsd
909,Lena,Willcock,lwillcockp8@europa.eu,Female,sdsdsd
910,Torie,Tour,ttourp9@vk.com,Female,sdsdsd
911,Fleming,Peete,fpeetepa@cdc.gov,Male,sdsdsd
912,Bernarr,Philippsohn,bphilippsohnpb@ask.com,Male,sdsdsd
913,Haydon,McGeown,hmcgeownpc@google.ca,Male,sdsdsd
914,Niki,Arnolds,narnoldspd@yellowpages.com,Male,sdsdsd
915,Axel,Punter,apunterpe@nba.com,Male,sdsdsd
916,Howey,Kovacs,hkovacspf@ftc.gov,Male,sdsdsd
917,Gilles,Nutty,gnuttypg@constantcontact.com,Male,sdsdsd
918,Mord,Goodinge,mgoodingeph@miitbeian.gov.cn,Male,sdsdsd
919,Marjy,Barendtsen,mbarendtsenpi@google.co.uk,Female,sdsdsd
920,Flory,Tearle,ftearlepj@oakley.com,Male,sdsdsd
921,Fabien,Dendon,fdendonpk@zdnet.com,Male,sdsdsd
922,Norman,Heberden,nheberdenpl@4shared.com,Male,sdsdsd
923,Wait,Allott,wallottpm@qq.com,Male,sdsdsd
924,Gabbie,Charlwood,gcharlwoodpn@elpais.com,Male,sdsdsd
925,Johnath,Heardman,jheardmanpo@tuttocitta.it,Female,sdsdsd
926,Tannie,Willder,twillderpp@ftc.gov,Male,sdsdsd
927,Tonnie,Martinetto,tmartinettopq@simplemachines.org,Male,sdsdsd
928,Kennith,Mannix,kmannixpr@wikispaces.com,Male,sdsdsd
929,Sandy,Rookwell,srookwellps@admin.ch,Male,sdsdsd
930,Genni,Gavahan,ggavahanpt@dagondesign.com,Female,sdsdsd
931,Leif,Casari,lcasaripu@state.tx.us,Male,sdsdsd
932,Skippy,Goldingay,sgoldingaypv@marketwatch.com,Male,sdsdsd
933,Jackson,Skaife d'Ingerthorpe,jskaifedingerthorpepw@altervista.org,Male,sdsdsd
934,Jenda,Toller,jtollerpx@economist.com,Female,sdsdsd
935,Karisa,Dunn,kdunnpy@kickstarter.com,Female,sdsdsd
936,Malanie,Yanez,myanezpz@dmoz.org,Female,sdsdsd
937,Luelle,Swynfen,lswynfenq0@123-reg.co.uk,Female,sdsdsd
938,Izaak,Myers,imyersq1@vimeo.com,Male,sdsdsd
939,Colman,Janos,cjanosq2@digg.com,Male,sdsdsd
940,Hebert,Grieg,hgriegq3@google.com,Male,sdsdsd
941,Rora,Widdowson,rwiddowsonq4@hhs.gov,Female,sdsdsd
942,Fons,Puvia,fpuviaq5@spiegel.de,Male,sdsdsd
943,Missie,Graal,mgraalq6@surveymonkey.com,Female,sdsdsd
944,Dimitry,Speak,dspeakq7@soundcloud.com,Male,sdsdsd
945,Arnaldo,Lambeth,alambethq8@accuweather.com,Male,sdsdsd
946,Tremayne,Cordet,tcordetq9@va.gov,Male,sdsdsd
947,Rafaello,Petraitis,rpetraitisqa@craigslist.org,Male,sdsdsd
948,Pall,Breslau,pbreslauqb@unc.edu,Male,sdsdsd
949,Harwell,Valentinetti,hvalentinettiqc@jalbum.net,Male,sdsdsd
950,Jenn,Fairbard,jfairbardqd@nhs.uk,Female,sdsdsd
951,Juliana,Nesey,jneseyqe@lycos.com,Female,sdsdsd
952,Doug,Adamsson,dadamssonqf@census.gov,Male,sdsdsd
953,Binky,Rizzini,brizziniqg@webs.com,Male,sdsdsd
954,Bink,Musson,bmussonqh@uol.com.br,Male,sdsdsd
955,Quinn,Bywaters,qbywatersqi@woothemes.com,Female,sdsdsd
956,Evelina,Teodorski,eteodorskiqj@google.co.jp,Female,sdsdsd
957,Mahmoud,Fibben,mfibbenqk@archive.org,Male,sdsdsd
958,Em,Vazquez,evazquezql@sphinn.com,Male,sdsdsd
959,Annecorinne,MacAlister,amacalisterqm@telegraph.co.uk,Female,sdsdsd
960,Yale,Staunton,ystauntonqn@shareasale.com,Male,sdsdsd
961,Montague,Potkins,mpotkinsqo@meetup.com,Male,sdsdsd
962,Randy,Twidell,rtwidellqp@huffingtonpost.com,Female,sdsdsd
963,Calla,Rupert,crupertqq@guardian.co.uk,Female,sdsdsd
964,Cordie,Kenworthy,ckenworthyqr@rediff.com,Female,sdsdsd
965,Trudie,Fourmy,tfourmyqs@plala.or.jp,Female,sdsdsd
966,Eberto,Heckney,eheckneyqt@webmd.com,Male,sdsdsd
967,Sheila,MacNeice,smacneicequ@ezinearticles.com,Female,sdsdsd
968,Edin,Tourville,etourvilleqv@alibaba.com,Female,sdsdsd
969,Tersina,Thurley,tthurleyqw@google.it,Female,sdsdsd
970,Elene,Gouldie,egouldieqx@aol.com,Female,sdsdsd
971,Brett,Olwen,bolwenqy@istockphoto.com,Male,sdsdsd
972,Mariann,Woolfoot,mwoolfootqz@noaa.gov,Female,sdsdsd
973,Ilyse,Compfort,icompfortr0@spotify.com,Female,sdsdsd
974,Hermia,Winn,hwinnr1@reference.com,Female,sdsdsd
975,Hendrick,Senett,hsenettr2@symantec.com,Male,sdsdsd
976,Deonne,McLernon,dmclernonr3@ted.com,Female,sdsdsd
977,Lonee,Livick,llivickr4@people.com.cn,Female,sdsdsd
978,Jeddy,Burnyate,jburnyater5@forbes.com,Male,sdsdsd
979,Sebastian,Goodban,sgoodbanr6@networksolutions.com,Male,sdsdsd
980,Nat,Paynter,npaynterr7@discuz.net,Female,sdsdsd
981,Kathlin,Floris,kflorisr8@shareasale.com,Female,sdsdsd
982,Prentiss,Dorkins,pdorkinsr9@merriam-webster.com,Male,sdsdsd
983,Sileas,Dary,sdaryra@bbc.co.uk,Female,sdsdsd
984,Michale,Bramhill,mbramhillrb@goo.gl,Male,sdsdsd
985,Toddy,Grut,tgrutrc@opera.com,Male,sdsdsd
986,Tomi,Shepton,tsheptonrd@livejournal.com,Female,sdsdsd
987,Inger,Burgh,iburghre@yellowbook.com,Male,sdsdsd
988,Gradey,Geaveny,ggeavenyrf@altervista.org,Male,sdsdsd
989,Danita,Fortnon,dfortnonrg@buzzfeed.com,Female,sdsdsd
990,Nissie,Pudney,npudneyrh@usnews.com,Female,sdsdsd
991,Rachael,Lathan,rlathanri@skyrock.com,Female,sdsdsd
992,Sonja,Lemmens,slemmensrj@istockphoto.com,Female,sdsdsd
993,Celestia,Haccleton,chaccletonrk@sbwire.com,Female,sdsdsd
994,Angie,Gervaise,agervaiserl@fastcompany.com,Male,sdsdsd
995,Franz,Farry,ffarryrm@illinois.edu,Male,sdsdsd
996,Alanah,Garrattley,agarrattleyrn@i2i.jp,Female,sdsdsd
997,Jacinda,Carvilla,jcarvillaro@sciencedaily.com,Female,sdsdsd
998,Alis,McLurg,amclurgrp@mayoclinic.com,Female,sdsdsd
999,Barn,Gillion,bgillionrq@accuweather.com,Male,sdsdsd
1000,Eula,O'Hederscoll,eohederscollrr@archive.org,Female,sdsdsd
